2025-04-13 07:47:45,Saenab,Gerakan mencurigakan
2025-04-13 07:48:22,Unknown,Gerakan mencurigakan
2025-04-13 07:58:53,Unknown,Gerakan mencurigakan
2025-04-13 07:58:54,Unknown,Gerakan mencurigakan
2025-04-13 07:58:55,Unknown,Gerakan mencurigakan
2025-04-13 07:58:55,Unknown,Gerakan mencurigakan
2025-04-13 07:58:56,Unknown,Gerakan mencurigakan
2025-04-13 07:58:57,Unknown,Gerakan mencurigakan
2025-04-13 07:58:59,Unknown,Gerakan mencurigakan
2025-04-13 07:58:59,Unknown,Gerakan mencurigakan
2025-04-13 07:59:00,Unknown,Gerakan mencurigakan
2025-04-13 07:59:02,Unknown,Gerakan mencurigakan
2025-04-13 07:59:02,Unknown,Gerakan mencurigakan
2025-04-13 07:59:03,Unknown,Gerakan mencurigakan
2025-04-13 07:59:05,Unknown,Gerakan mencurigakan
2025-04-13 07:59:07,Unknown,Gerakan mencurigakan
2025-04-13 07:59:07,Unknown,Gerakan mencurigakan
2025-04-13 07:59:08,Unknown,Gerakan mencurigakan
2025-04-13 07:59:09,Unknown,Gerakan mencurigakan
2025-04-13 07:59:09,Unknown,Gerakan mencurigakan
2025-04-13 07:59:11,Unknown,Gerakan mencurigakan
2025-04-13 07:59:15,Unknown,Gerakan mencurigakan
2025-04-13 07:59:16,Unknown,Gerakan mencurigakan
2025-04-13 07:59:17,Unknown,Gerakan mencurigakan
2025-04-13 07:59:17,Unknown,Gerakan mencurigakan
2025-04-13 07:59:18,Unknown,Gerakan mencurigakan
2025-04-13 07:59:18,Unknown,Gerakan mencurigakan
2025-04-13 07:59:19,Unknown,Gerakan mencurigakan
2025-04-13 07:59:20,Unknown,Gerakan mencurigakan
2025-04-13 07:59:21,Unknown,Gerakan mencurigakan
2025-04-13 07:59:22,Unknown,Gerakan mencurigakan
2025-04-13 07:59:22,Unknown,Gerakan mencurigakan
2025-04-13 07:59:23,Unknown,Gerakan mencurigakan
2025-04-13 07:59:24,Unknown,Gerakan mencurigakan
2025-04-13 07:59:24,Unknown,Gerakan mencurigakan
2025-04-13 07:59:25,Unknown,Gerakan mencurigakan
2025-04-13 07:59:26,Unknown,Gerakan mencurigakan
2025-04-13 07:59:26,Unknown,Gerakan mencurigakan
2025-04-13 07:59:27,Unknown,Gerakan mencurigakan
2025-04-13 07:59:29,Unknown,Gerakan mencurigakan
2025-04-13 07:59:29,Unknown,Gerakan mencurigakan
2025-04-13 07:59:32,Unknown,Gerakan mencurigakan
2025-04-13 07:59:33,Unknown,Gerakan mencurigakan
2025-04-13 07:59:35,Unknown,Gerakan mencurigakan
2025-04-13 07:59:36,Unknown,Gerakan mencurigakan
2025-04-13 14:52:33,Unknown,Gerakan mencurigakan
2025-04-13 14:52:36,Unknown,Gerakan mencurigakan
2025-04-13 14:52:36,Unknown,Gerakan mencurigakan
2025-04-13 14:52:37,Unknown,Gerakan mencurigakan
2025-04-13 14:52:38,Unknown,Gerakan mencurigakan
2025-04-13 14:52:38,Unknown,Gerakan mencurigakan
2025-04-13 14:52:39,Unknown,Gerakan mencurigakan
2025-04-13 14:52:59,Unknown,Gerakan mencurigakan
2025-04-13 14:53:10,Unknown,Gerakan mencurigakan
2025-04-13 14:53:23,Unknown,Gerakan mencurigakan
2025-04-13 14:53:28,Unknown,Gerakan mencurigakan
2025-04-13 15:48:56,Saenab,Gerakan mencurigakan
2025-04-13 18:10:35,Unknown,Gerakan mencurigakan
2025-04-13 18:10:35,Unknown,Gerakan mencurigakan
2025-04-13 18:10:36,Unknown,Gerakan mencurigakan
2025-04-13 18:10:45,Unknown,Gerakan mencurigakan
2025-04-13 18:10:46,Unknown,Gerakan mencurigakan
2025-04-13 18:10:48,Unknown,Gerakan mencurigakan
2025-04-13 18:10:50,Unknown,Gerakan mencurigakan
2025-04-13 18:10:50,Unknown,Gerakan mencurigakan
2025-04-13 18:10:58,Unknown,Gerakan mencurigakan
2025-04-13 18:10:59,Unknown,Gerakan mencurigakan
2025-04-13 18:11:07,Unknown,Gerakan mencurigakan
2025-04-13 18:11:17,Unknown,Gerakan mencurigakan
2025-04-13 18:11:18,Unknown,Gerakan mencurigakan
2025-04-13 18:11:21,Dul,Gerakan mencurigakan
2025-04-13 18:11:21,Unknown,Gerakan mencurigakan
2025-04-13 18:11:22,Unknown,Gerakan mencurigakan
2025-04-13 18:11:23,Unknown,Gerakan mencurigakan
2025-04-13 18:11:27,Unknown,Gerakan mencurigakan
2025-04-13 18:11:28,Unknown,Gerakan mencurigakan
2025-04-13 18:11:31,Unknown,Gerakan mencurigakan
2025-04-13 18:11:42,Unknown,Gerakan mencurigakan
2025-04-13 18:11:42,Unknown,Gerakan mencurigakan
2025-04-13 18:11:43,Unknown,Gerakan mencurigakan
2025-04-13 18:11:43,Unknown,Gerakan mencurigakan
2025-04-13 18:11:43,Unknown,Gerakan mencurigakan
2025-04-13 18:11:43,Unknown,Gerakan mencurigakan
2025-04-13 18:11:44,Unknown,Gerakan mencurigakan
2025-04-13 18:11:44,Unknown,Gerakan mencurigakan
2025-04-13 18:11:44,Unknown,Gerakan mencurigakan
2025-04-13 18:11:44,Unknown,Gerakan mencurigakan
2025-04-13 18:11:44,Unknown,Gerakan mencurigakan
2025-04-13 18:11:45,Unknown,Gerakan mencurigakan
2025-04-13 18:11:45,Unknown,Gerakan mencurigakan
2025-04-13 18:11:45,Unknown,Gerakan mencurigakan
2025-04-13 18:11:45,Unknown,Gerakan mencurigakan
2025-04-13 18:11:52,Unknown,Gerakan mencurigakan
2025-04-13 18:11:53,Unknown,Gerakan mencurigakan
2025-04-13 18:11:53,Unknown,Gerakan mencurigakan
2025-04-13 18:11:55,Unknown,Gerakan mencurigakan
2025-04-13 18:12:00,Unknown,Gerakan mencurigakan
2025-04-13 18:12:05,Unknown,Gerakan mencurigakan
2025-04-13 18:12:05,Unknown,Gerakan mencurigakan
2025-04-13 18:12:06,Unknown,Gerakan mencurigakan
2025-04-13 18:12:07,Unknown,Gerakan mencurigakan
2025-04-13 18:12:08,Unknown,Gerakan mencurigakan
2025-04-13 18:12:08,Unknown,Gerakan mencurigakan
2025-04-13 18:12:11,Unknown,Gerakan mencurigakan
2025-04-13 18:12:17,Unknown,Gerakan mencurigakan
2025-04-13 18:12:18,Unknown,Gerakan mencurigakan
2025-04-13 18:12:22,Unknown,Gerakan mencurigakan
2025-04-13 18:12:22,Unknown,Gerakan mencurigakan
2025-04-13 18:12:22,Unknown,Gerakan mencurigakan
2025-04-13 18:12:26,Unknown,Gerakan mencurigakan
2025-04-13 18:12:26,Unknown,Gerakan mencurigakan
2025-04-13 18:12:26,Unknown,Gerakan mencurigakan
2025-04-13 18:12:26,Unknown,Gerakan mencurigakan
2025-04-13 18:12:27,Unknown,Gerakan mencurigakan
2025-04-13 18:12:27,Unknown,Gerakan mencurigakan
2025-04-13 18:12:43,Unknown,Gerakan mencurigakan
2025-04-13 18:12:43,Unknown,Gerakan mencurigakan
2025-04-13 18:12:49,Unknown,Gerakan mencurigakan
2025-04-13 18:12:57,Unknown,Gerakan mencurigakan
2025-04-13 18:12:57,Unknown,Gerakan mencurigakan
2025-04-13 18:13:16,Unknown,Gerakan mencurigakan
2025-04-13 18:13:27,Unknown,Gerakan mencurigakan
2025-04-13 18:13:27,Unknown,Gerakan mencurigakan
2025-04-13 18:13:28,Unknown,Gerakan mencurigakan
2025-04-13 18:13:28,Unknown,Gerakan mencurigakan
2025-04-13 18:13:28,Unknown,Gerakan mencurigakan
2025-04-13 18:13:28,Unknown,Gerakan mencurigakan
2025-04-13 18:13:28,Unknown,Gerakan mencurigakan
2025-04-13 18:13:29,Unknown,Gerakan mencurigakan
2025-04-13 18:13:29,Unknown,Gerakan mencurigakan
2025-04-13 18:13:33,Unknown,Gerakan mencurigakan
2025-04-13 18:13:41,Unknown,Gerakan mencurigakan
2025-04-13 18:13:41,Unknown,Gerakan mencurigakan
2025-04-13 18:13:45,Unknown,Gerakan mencurigakan
2025-04-13 18:13:45,Unknown,Gerakan mencurigakan
2025-04-13 18:14:29,Unknown,Gerakan mencurigakan
2025-04-13 18:14:31,Dul,Gerakan mencurigakan
2025-04-13 18:14:46,Unknown,Gerakan mencurigakan
2025-04-13 18:14:46,Unknown,Gerakan mencurigakan
2025-04-13 18:14:46,Unknown,Gerakan mencurigakan
2025-04-13 18:15:00,Unknown,Gerakan mencurigakan
2025-04-13 18:28:58,Unknown,Gerakan mencurigakan
2025-04-13 18:28:59,Unknown,Gerakan mencurigakan
2025-04-13 18:29:00,Unknown,Gerakan mencurigakan
2025-04-13 18:29:01,Unknown,Gerakan mencurigakan
2025-04-13 18:29:02,Unknown,Gerakan mencurigakan
2025-04-13 18:29:03,Unknown,Gerakan mencurigakan
2025-04-13 18:29:04,Unknown,Gerakan mencurigakan
2025-04-13 18:29:04,Unknown,Gerakan mencurigakan
2025-04-13 18:29:04,Unknown,Gerakan mencurigakan
2025-04-13 18:29:05,Unknown,Gerakan mencurigakan
2025-04-13 18:29:06,Unknown,Gerakan mencurigakan
2025-04-13 18:29:07,Unknown,Gerakan mencurigakan
2025-04-13 18:29:09,Unknown,Gerakan mencurigakan
2025-04-13 18:29:11,Unknown,Gerakan mencurigakan
2025-04-13 18:29:11,Unknown,Gerakan mencurigakan
2025-04-13 18:29:11,Unknown,Gerakan mencurigakan
2025-04-13 18:29:11,Unknown,Gerakan mencurigakan
2025-04-13 18:29:11,Unknown,Gerakan mencurigakan
2025-04-13 18:29:21,Unknown,Gerakan mencurigakan
2025-04-13 18:29:22,Unknown,Gerakan mencurigakan
2025-04-13 18:29:24,Unknown,Gerakan mencurigakan
2025-04-13 18:29:26,Unknown,Gerakan mencurigakan
2025-04-13 18:29:26,Unknown,Gerakan mencurigakan
2025-04-13 18:29:27,Unknown,Gerakan mencurigakan
2025-04-13 18:29:27,Unknown,Gerakan mencurigakan
2025-04-13 18:29:27,Unknown,Gerakan mencurigakan
2025-04-13 18:29:27,Unknown,Gerakan mencurigakan
2025-04-13 18:29:28,Unknown,Gerakan mencurigakan
2025-04-13 18:29:28,Unknown,Gerakan mencurigakan
2025-04-13 18:29:28,Unknown,Gerakan mencurigakan
2025-04-13 18:29:29,Unknown,Gerakan mencurigakan
2025-04-13 18:29:29,Unknown,Gerakan mencurigakan
2025-04-13 18:29:29,Unknown,Gerakan mencurigakan
2025-04-13 18:29:29,Unknown,Gerakan mencurigakan
2025-04-13 18:29:30,Unknown,Gerakan mencurigakan
2025-04-13 18:29:31,Unknown,Gerakan mencurigakan
2025-04-13 18:29:35,Unknown,Gerakan mencurigakan
2025-04-13 18:29:35,Unknown,Gerakan mencurigakan
2025-04-13 18:29:35,Unknown,Gerakan mencurigakan
2025-04-13 18:29:37,Unknown,Gerakan mencurigakan
2025-04-13 18:29:40,Unknown,Gerakan mencurigakan
2025-04-13 18:29:53,Unknown,Gerakan mencurigakan
2025-04-13 18:29:54,Unknown,Gerakan mencurigakan
2025-04-13 18:29:55,Unknown,Gerakan mencurigakan
2025-04-13 18:29:57,Unknown,Gerakan mencurigakan
2025-04-13 18:30:00,Unknown,Gerakan mencurigakan
2025-04-13 18:30:13,Unknown,Gerakan mencurigakan
2025-04-13 18:30:15,Unknown,Gerakan mencurigakan
2025-04-13 18:30:18,Unknown,Gerakan mencurigakan
2025-04-13 18:31:00,Unknown,Gerakan mencurigakan
2025-04-13 18:31:01,Unknown,Gerakan mencurigakan
2025-04-13 18:31:01,Unknown,Gerakan mencurigakan
2025-04-13 18:31:01,Unknown,Gerakan mencurigakan
2025-04-13 18:31:17,Unknown,Gerakan mencurigakan
2025-04-13 18:31:17,Unknown,Gerakan mencurigakan
2025-04-13 18:31:17,Unknown,Gerakan mencurigakan
2025-04-13 18:31:17,Unknown,Gerakan mencurigakan
2025-04-13 18:31:18,Unknown,Gerakan mencurigakan
2025-04-13 18:31:25,Unknown,Gerakan mencurigakan
2025-04-13 18:31:29,Unknown,Gerakan mencurigakan
2025-04-13 18:31:40,Unknown,Gerakan mencurigakan
2025-04-13 18:31:43,Unknown,Gerakan mencurigakan
2025-04-13 18:31:46,Unknown,Gerakan mencurigakan
2025-04-13 18:31:46,Unknown,Gerakan mencurigakan
2025-04-13 18:31:51,Unknown,Gerakan mencurigakan
2025-04-13 18:31:51,Unknown,Gerakan mencurigakan
2025-04-13 18:31:52,Unknown,Gerakan mencurigakan
2025-04-13 18:31:53,Unknown,Gerakan mencurigakan
2025-04-13 18:31:54,Unknown,Gerakan mencurigakan
2025-04-13 18:31:56,Unknown,Gerakan mencurigakan
2025-04-13 18:33:59,Unknown,Gerakan mencurigakan
2025-04-13 18:34:00,Unknown,Gerakan mencurigakan
2025-04-13 18:34:00,Unknown,Gerakan mencurigakan
2025-04-13 18:34:01,Unknown,Gerakan mencurigakan
2025-04-13 18:34:01,Unknown,Gerakan mencurigakan
2025-04-13 18:34:02,Unknown,Gerakan mencurigakan
2025-04-13 18:34:02,Unknown,Gerakan mencurigakan
2025-04-13 18:34:02,Unknown,Gerakan mencurigakan
2025-04-13 18:34:02,Unknown,Gerakan mencurigakan
2025-04-13 18:34:05,Unknown,Gerakan mencurigakan
2025-04-13 18:34:21,Unknown,Gerakan mencurigakan
2025-04-13 18:34:21,Unknown,Gerakan mencurigakan
2025-04-13 18:34:22,Unknown,Gerakan mencurigakan
2025-04-13 18:34:22,Unknown,Gerakan mencurigakan
2025-04-13 18:34:23,Unknown,Gerakan mencurigakan
2025-04-13 18:34:23,Unknown,Gerakan mencurigakan
2025-04-13 18:34:23,Unknown,Gerakan mencurigakan
2025-04-13 18:34:24,Unknown,Gerakan mencurigakan
2025-04-13 18:34:25,Unknown,Gerakan mencurigakan
2025-04-13 18:34:28,Unknown,Gerakan mencurigakan
2025-04-13 18:34:28,Unknown,Gerakan mencurigakan
2025-04-13 18:34:31,Unknown,Gerakan mencurigakan
2025-04-13 18:34:31,Unknown,Gerakan mencurigakan
2025-04-13 18:34:32,Unknown,Gerakan mencurigakan
2025-04-13 18:34:39,Unknown,Gerakan mencurigakan
2025-04-13 18:34:42,Unknown,Gerakan mencurigakan
2025-04-13 18:34:43,Unknown,Gerakan mencurigakan
2025-04-13 18:34:43,Unknown,Gerakan mencurigakan
2025-04-13 18:34:43,Unknown,Gerakan mencurigakan
2025-04-13 18:34:44,Unknown,Gerakan mencurigakan
2025-04-13 18:34:45,Unknown,Gerakan mencurigakan
2025-04-13 18:34:45,Unknown,Gerakan mencurigakan
2025-04-13 18:34:45,Unknown,Gerakan mencurigakan
2025-04-13 18:34:53,Dul,Gerakan mencurigakan
2025-04-13 18:38:09,Unknown,Gerakan mencurigakan
2025-04-13 18:38:10,Unknown,Gerakan mencurigakan
2025-04-13 18:38:10,Unknown,Gerakan mencurigakan
2025-04-13 18:38:10,Unknown,Gerakan mencurigakan
2025-04-13 18:38:10,Unknown,Gerakan mencurigakan
2025-04-13 18:38:10,Unknown,Gerakan mencurigakan
2025-04-13 18:38:11,Unknown,Gerakan mencurigakan
2025-04-13 18:38:11,Unknown,Gerakan mencurigakan
2025-04-13 18:38:11,Unknown,Gerakan mencurigakan
2025-04-13 18:38:11,Unknown,Gerakan mencurigakan
2025-04-13 18:38:11,Unknown,Gerakan mencurigakan
2025-04-13 18:38:11,Unknown,Gerakan mencurigakan
2025-04-13 18:38:12,Unknown,Gerakan mencurigakan
2025-04-13 18:38:12,Unknown,Gerakan mencurigakan
2025-04-13 18:38:13,Unknown,Gerakan mencurigakan
2025-04-13 18:38:13,Unknown,Gerakan mencurigakan
2025-04-13 18:38:13,Unknown,Gerakan mencurigakan
2025-04-13 18:38:13,Unknown,Gerakan mencurigakan
2025-04-13 18:38:13,Unknown,Gerakan mencurigakan
2025-04-13 18:38:18,Unknown,Gerakan mencurigakan
2025-04-13 18:38:20,Unknown,Gerakan mencurigakan
2025-04-13 18:38:20,Unknown,Gerakan mencurigakan
2025-04-13 18:38:21,Unknown,Gerakan mencurigakan
2025-04-13 18:38:21,Unknown,Gerakan mencurigakan
2025-04-13 18:38:24,Unknown,Gerakan mencurigakan
2025-04-13 18:38:24,Unknown,Gerakan mencurigakan
2025-04-13 18:38:24,Unknown,Gerakan mencurigakan
2025-04-13 18:38:24,Unknown,Gerakan mencurigakan
2025-04-13 18:38:24,Unknown,Gerakan mencurigakan
2025-04-13 18:38:26,Unknown,Gerakan mencurigakan
2025-04-13 18:38:26,Unknown,Gerakan mencurigakan
2025-04-13 18:38:26,Unknown,Gerakan mencurigakan
2025-04-13 18:38:27,Unknown,Gerakan mencurigakan
2025-04-13 18:38:27,Unknown,Gerakan mencurigakan
2025-04-13 18:38:27,Unknown,Gerakan mencurigakan
2025-04-13 18:38:27,Unknown,Gerakan mencurigakan
2025-04-13 18:38:27,Unknown,Gerakan mencurigakan
2025-04-13 18:38:27,Unknown,Gerakan mencurigakan
2025-04-13 18:38:27,Unknown,Gerakan mencurigakan
2025-04-13 18:38:28,Unknown,Gerakan mencurigakan
2025-04-13 18:38:28,Unknown,Gerakan mencurigakan
2025-04-13 18:38:28,Unknown,Gerakan mencurigakan
2025-04-13 18:38:28,Unknown,Gerakan mencurigakan
2025-04-13 18:38:29,Unknown,Gerakan mencurigakan
2025-04-13 18:38:29,Unknown,Gerakan mencurigakan
2025-04-13 18:38:29,Unknown,Gerakan mencurigakan
2025-04-13 18:38:29,Unknown,Gerakan mencurigakan
2025-04-13 18:38:29,Unknown,Gerakan mencurigakan
2025-04-13 18:38:30,Unknown,Gerakan mencurigakan
2025-04-13 18:38:30,Unknown,Gerakan mencurigakan
2025-04-13 18:38:30,Unknown,Gerakan mencurigakan
2025-04-13 18:38:30,Unknown,Gerakan mencurigakan
2025-04-13 18:38:30,Unknown,Gerakan mencurigakan
2025-04-13 18:38:31,Unknown,Gerakan mencurigakan
2025-04-13 18:38:31,Unknown,Gerakan mencurigakan
2025-04-13 18:38:31,Unknown,Gerakan mencurigakan
2025-04-13 18:38:31,Unknown,Gerakan mencurigakan
2025-04-13 18:38:31,Unknown,Gerakan mencurigakan
2025-04-13 18:38:32,Unknown,Gerakan mencurigakan
2025-04-13 18:38:32,Unknown,Gerakan mencurigakan
2025-04-13 18:38:34,Unknown,Gerakan mencurigakan
2025-04-13 18:38:39,Unknown,Gerakan mencurigakan
2025-04-13 18:38:40,Unknown,Gerakan mencurigakan
2025-04-13 18:38:40,Unknown,Gerakan mencurigakan
2025-04-13 18:38:41,Unknown,Gerakan mencurigakan
2025-04-13 18:38:41,Unknown,Gerakan mencurigakan
2025-04-13 18:38:41,Unknown,Gerakan mencurigakan
2025-04-13 18:38:41,Unknown,Gerakan mencurigakan
2025-04-13 18:38:43,Unknown,Gerakan mencurigakan
2025-04-13 18:38:44,Unknown,Gerakan mencurigakan
2025-04-13 18:38:44,Unknown,Gerakan mencurigakan
2025-04-13 18:38:44,Unknown,Gerakan mencurigakan
2025-04-13 18:38:45,Unknown,Gerakan mencurigakan
2025-04-13 18:38:45,Unknown,Gerakan mencurigakan
2025-04-13 18:38:45,Unknown,Gerakan mencurigakan
2025-04-13 18:38:45,Unknown,Gerakan mencurigakan
2025-04-13 18:38:46,Unknown,Gerakan mencurigakan
2025-04-13 18:38:47,Dul,Gerakan mencurigakan
2025-04-13 18:38:50,Unknown,Gerakan mencurigakan
2025-04-13 18:38:50,Unknown,Gerakan mencurigakan
2025-04-13 18:38:50,Unknown,Gerakan mencurigakan
2025-04-13 18:38:51,Dul,Gerakan mencurigakan
2025-04-13 18:38:51,Unknown,Gerakan mencurigakan
2025-04-13 18:38:53,Unknown,Gerakan mencurigakan
2025-04-13 18:38:54,Unknown,Gerakan mencurigakan
2025-04-13 18:39:03,Unknown,Gerakan mencurigakan
2025-04-13 18:39:03,Unknown,Gerakan mencurigakan
2025-04-13 18:39:03,Unknown,Gerakan mencurigakan
2025-04-13 18:39:04,Unknown,Gerakan mencurigakan
2025-04-13 18:39:06,Unknown,Gerakan mencurigakan
2025-04-13 18:39:07,Unknown,Gerakan mencurigakan
2025-04-13 18:39:07,Unknown,Gerakan mencurigakan
2025-04-13 18:39:08,Unknown,Gerakan mencurigakan
2025-04-13 18:39:09,Unknown,Gerakan mencurigakan
2025-04-13 18:39:09,Unknown,Gerakan mencurigakan
2025-04-13 18:39:11,Unknown,Gerakan mencurigakan
2025-04-13 18:39:12,Unknown,Gerakan mencurigakan
2025-04-13 18:39:15,Unknown,Gerakan mencurigakan
2025-04-13 18:39:16,Unknown,Gerakan mencurigakan
2025-04-13 18:39:17,Unknown,Gerakan mencurigakan
2025-04-13 18:39:18,Unknown,Gerakan mencurigakan
2025-04-13 18:39:19,Unknown,Gerakan mencurigakan
2025-04-13 18:39:23,Unknown,Gerakan mencurigakan
2025-04-13 18:39:23,Unknown,Gerakan mencurigakan
2025-04-13 18:39:24,Unknown,Gerakan mencurigakan
2025-04-13 18:39:24,Unknown,Gerakan mencurigakan
2025-04-13 18:39:24,Unknown,Gerakan mencurigakan
2025-04-13 18:39:24,Unknown,Gerakan mencurigakan
2025-04-13 18:39:25,Unknown,Gerakan mencurigakan
2025-04-13 18:39:36,Unknown,Gerakan mencurigakan
2025-04-13 18:39:36,Unknown,Gerakan mencurigakan
2025-04-13 18:40:20,Unknown,Gerakan mencurigakan
2025-04-13 18:40:27,Unknown,Gerakan mencurigakan
2025-04-13 18:40:27,Unknown,Gerakan mencurigakan
2025-04-13 18:40:28,Unknown,Gerakan mencurigakan
2025-04-13 18:40:28,Unknown,Gerakan mencurigakan
2025-04-13 18:40:28,Unknown,Gerakan mencurigakan
2025-04-13 18:40:28,Unknown,Gerakan mencurigakan
2025-04-13 18:40:29,Unknown,Gerakan mencurigakan
2025-04-13 18:40:54,Unknown,Gerakan mencurigakan
2025-04-13 18:40:54,Unknown,Gerakan mencurigakan
2025-04-13 18:43:05,Unknown,Gerakan mencurigakan
2025-04-13 18:43:24,Unknown,Gerakan mencurigakan
2025-04-13 18:43:24,Unknown,Gerakan mencurigakan
2025-04-13 18:43:25,Unknown,Gerakan mencurigakan
2025-04-13 18:43:25,Unknown,Gerakan mencurigakan
2025-04-13 18:43:26,Unknown,Gerakan mencurigakan
2025-04-13 18:43:28,Unknown,Gerakan mencurigakan
2025-04-13 18:43:28,Unknown,Gerakan mencurigakan
2025-04-13 18:43:29,Unknown,Gerakan mencurigakan
2025-04-13 18:43:32,Unknown,Gerakan mencurigakan
2025-04-13 18:43:35,Dul,Gerakan mencurigakan
2025-04-13 18:43:37,Unknown,Gerakan mencurigakan
2025-04-13 18:43:38,Unknown,Gerakan mencurigakan
2025-04-13 18:43:38,Unknown,Gerakan mencurigakan
2025-04-13 18:43:47,Unknown,Gerakan mencurigakan
2025-04-13 18:44:08,Unknown,Gerakan mencurigakan
2025-04-13 18:48:11,Unknown,Gerakan mencurigakan
2025-04-13 18:48:13,Unknown,Gerakan mencurigakan
2025-04-13 18:48:17,Unknown,Gerakan mencurigakan
2025-04-13 18:48:17,Unknown,Gerakan mencurigakan
2025-04-13 18:48:17,Unknown,Gerakan mencurigakan
2025-04-13 18:48:17,Unknown,Gerakan mencurigakan
2025-04-13 18:48:29,Unknown,Gerakan mencurigakan
2025-04-13 18:48:29,Unknown,Gerakan mencurigakan
2025-04-13 18:48:33,Unknown,Gerakan mencurigakan
2025-04-13 18:48:43,Unknown,Gerakan mencurigakan
2025-04-13 18:48:47,Unknown,Gerakan mencurigakan
2025-04-13 18:48:51,Dul,Gerakan mencurigakan
2025-04-13 18:49:02,Unknown,Gerakan mencurigakan
2025-04-13 18:49:10,Unknown,Gerakan mencurigakan
2025-04-13 18:56:33,Unknown,Gerakan mencurigakan
2025-04-13 18:56:37,Unknown,Gerakan mencurigakan
2025-04-13 18:56:42,Unknown,Gerakan mencurigakan
2025-04-13 18:56:43,Unknown,Gerakan mencurigakan
2025-04-13 18:56:46,Unknown,Gerakan mencurigakan
2025-04-13 18:57:55,Unknown,Gerakan mencurigakan
2025-04-13 18:57:55,Unknown,Gerakan mencurigakan
2025-04-13 18:57:55,Unknown,Gerakan mencurigakan
2025-04-13 18:57:56,Saenab,Gerakan mencurigakan
2025-04-13 18:58:14,Unknown,Gerakan mencurigakan
2025-04-13 18:58:58,Unknown,Gerakan mencurigakan
2025-04-13 19:04:45,Unknown,Gerakan mencurigakan
2025-04-13 19:04:55,Unknown,Gerakan mencurigakan
2025-04-13 19:05:16,Unknown,Gerakan mencurigakan
2025-04-13 19:05:16,Unknown,Gerakan mencurigakan
2025-04-13 19:05:16,Unknown,Gerakan mencurigakan
2025-04-13 19:05:18,Unknown,Gerakan mencurigakan
2025-04-13 19:05:18,Unknown,Gerakan mencurigakan
2025-04-13 19:10:40,Unknown,Gerakan mencurigakan
2025-04-13 19:10:49,Unknown,Gerakan mencurigakan
2025-04-13 19:10:54,Unknown,Gerakan mencurigakan
2025-04-13 19:10:59,Unknown,Gerakan mencurigakan
2025-04-13 19:11:00,Unknown,Gerakan mencurigakan
2025-04-13 19:11:02,Unknown,Gerakan mencurigakan
2025-04-13 19:11:03,Unknown,Gerakan mencurigakan
2025-04-13 19:11:03,Unknown,Gerakan mencurigakan
2025-04-13 19:11:03,Unknown,Gerakan mencurigakan
2025-04-13 19:11:03,Unknown,Gerakan mencurigakan
2025-04-13 19:11:04,Unknown,Gerakan mencurigakan
2025-04-13 19:11:04,Unknown,Gerakan mencurigakan
2025-04-13 19:11:26,Unknown,Gerakan mencurigakan
2025-04-13 19:11:31,Unknown,Gerakan mencurigakan
2025-04-13 19:11:35,Unknown,Gerakan mencurigakan
2025-04-13 19:11:39,Unknown,Gerakan mencurigakan
2025-04-13 19:11:42,Unknown,Gerakan mencurigakan
2025-04-13 19:11:42,Unknown,Gerakan mencurigakan
2025-04-13 19:11:49,Unknown,Gerakan mencurigakan
2025-04-13 19:11:54,Unknown,Gerakan mencurigakan
2025-04-13 19:11:58,Unknown,Gerakan mencurigakan
2025-04-13 19:11:59,Unknown,Gerakan mencurigakan
2025-04-13 19:11:59,Unknown,Gerakan mencurigakan
2025-04-13 19:12:04,Unknown,Gerakan mencurigakan
2025-04-13 19:12:06,Unknown,Gerakan mencurigakan
2025-04-13 19:12:06,Unknown,Gerakan mencurigakan
2025-04-13 19:12:06,Unknown,Gerakan mencurigakan
2025-04-13 19:12:07,Carlos,Gerakan mencurigakan
2025-04-13 19:13:21,Unknown,Gerakan mencurigakan
2025-04-13 19:13:22,Unknown,Gerakan mencurigakan
2025-04-13 19:17:15,Unknown,Gerakan mencurigakan
2025-04-13 19:17:20,Unknown,Gerakan mencurigakan
2025-04-29 09:35:00,Unknown,Gerakan mencurigakan
2025-04-29 09:35:08,Unknown,Gerakan mencurigakan
2025-04-29 09:35:09,Unknown,Gerakan mencurigakan
2025-04-29 09:35:09,Unknown,Gerakan mencurigakan
2025-04-29 09:35:10,Unknown,Gerakan mencurigakan
2025-04-29 09:35:10,Unknown,Gerakan mencurigakan
2025-04-29 09:35:54,Unknown,Gerakan mencurigakan
2025-04-29 09:36:05,Unknown,Gerakan mencurigakan
2025-04-29 09:36:16,Unknown,Gerakan mencurigakan
2025-04-29 09:36:17,Unknown,Gerakan mencurigakan
2025-04-29 09:36:18,Saenab,Gerakan mencurigakan
2025-04-29 09:37:33,Unknown,Gerakan mencurigakan
2025-04-29 09:37:35,Unknown,Gerakan mencurigakan
2025-04-29 09:37:35,Unknown,Gerakan mencurigakan
2025-04-29 09:37:35,Unknown,Gerakan mencurigakan
2025-04-29 09:37:35,Unknown,Gerakan mencurigakan
2025-04-29 09:37:35,Unknown,Gerakan mencurigakan
2025-04-29 09:37:42,Unknown,Gerakan mencurigakan
2025-04-29 09:37:43,Unknown,Gerakan mencurigakan
2025-04-29 09:37:44,Unknown,Gerakan mencurigakan
2025-04-29 09:37:44,Unknown,Gerakan mencurigakan
2025-04-29 09:37:45,Unknown,Gerakan mencurigakan
2025-04-29 09:37:45,Unknown,Gerakan mencurigakan
2025-04-29 09:37:46,Unknown,Gerakan mencurigakan
2025-04-29 09:37:46,Unknown,Gerakan mencurigakan
2025-04-29 09:37:47,Unknown,Gerakan mencurigakan
2025-04-29 09:37:49,Unknown,Gerakan mencurigakan
2025-04-29 09:37:49,Unknown,Gerakan mencurigakan
2025-04-29 09:37:49,Unknown,Gerakan mencurigakan
2025-04-29 09:37:51,Unknown,Gerakan mencurigakan
2025-04-29 09:37:51,Unknown,Gerakan mencurigakan
2025-04-29 09:37:51,Unknown,Gerakan mencurigakan
2025-04-29 09:37:51,Unknown,Gerakan mencurigakan
2025-04-29 09:37:51,Unknown,Gerakan mencurigakan
2025-04-29 09:37:52,Unknown,Gerakan mencurigakan
2025-04-29 09:37:52,Unknown,Gerakan mencurigakan
2025-04-29 09:37:53,Unknown,Gerakan mencurigakan
2025-04-29 09:37:53,Unknown,Gerakan mencurigakan
2025-04-29 09:37:54,Unknown,Gerakan mencurigakan
2025-04-29 09:37:54,Unknown,Gerakan mencurigakan
2025-04-29 09:37:55,Unknown,Gerakan mencurigakan
2025-04-29 09:37:55,Unknown,Gerakan mencurigakan
2025-04-29 09:37:55,Unknown,Gerakan mencurigakan
2025-04-29 09:37:55,Unknown,Gerakan mencurigakan
2025-04-29 09:37:55,Unknown,Gerakan mencurigakan
2025-04-29 09:37:56,Unknown,Gerakan mencurigakan
2025-04-29 09:37:56,Unknown,Gerakan mencurigakan
2025-04-29 09:37:56,Unknown,Gerakan mencurigakan
2025-04-29 09:37:57,Unknown,Gerakan mencurigakan
2025-04-29 09:37:57,Unknown,Gerakan mencurigakan
2025-04-29 09:37:57,Unknown,Gerakan mencurigakan
2025-04-29 09:37:57,Unknown,Gerakan mencurigakan
2025-04-29 09:37:58,Unknown,Gerakan mencurigakan
2025-04-29 09:37:58,Unknown,Gerakan mencurigakan
2025-04-29 09:37:58,Unknown,Gerakan mencurigakan
2025-04-29 09:37:59,Unknown,Gerakan mencurigakan
2025-04-29 09:37:59,Unknown,Gerakan mencurigakan
2025-04-29 09:37:59,Unknown,Gerakan mencurigakan
2025-04-29 09:37:59,Unknown,Gerakan mencurigakan
2025-04-29 09:38:32,Unknown,Gerakan mencurigakan
2025-04-29 09:38:35,Unknown,Gerakan mencurigakan
2025-04-29 09:38:39,Unknown,Gerakan mencurigakan
2025-04-29 09:38:43,Unknown,Gerakan mencurigakan
2025-04-29 09:38:44,Unknown,Gerakan mencurigakan
2025-04-29 09:38:44,Unknown,Gerakan mencurigakan
2025-04-29 09:39:09,Unknown,Gerakan mencurigakan
2025-04-29 09:39:11,Saenab,Gerakan mencurigakan
2025-04-29 09:39:21,Unknown,Gerakan mencurigakan
2025-04-29 09:39:24,Unknown,Gerakan mencurigakan
2025-04-29 09:39:28,Unknown,Gerakan mencurigakan
2025-04-29 09:39:47,Unknown,Gerakan mencurigakan
2025-04-29 09:39:52,Unknown,Gerakan mencurigakan
2025-04-29 09:39:54,Unknown,Gerakan mencurigakan
2025-04-29 09:40:00,Unknown,Gerakan mencurigakan
2025-04-29 09:40:00,Unknown,Gerakan mencurigakan
2025-04-29 09:40:06,Unknown,Gerakan mencurigakan
2025-04-29 09:40:08,Unknown,Gerakan mencurigakan
2025-04-29 09:40:08,Unknown,Gerakan mencurigakan
2025-04-29 09:40:09,Unknown,Gerakan mencurigakan
2025-04-29 09:40:10,Unknown,Gerakan mencurigakan
2025-04-29 09:40:13,Unknown,Gerakan mencurigakan
2025-04-29 09:40:15,Unknown,Gerakan mencurigakan
2025-04-29 09:40:15,Unknown,Gerakan mencurigakan
2025-04-29 09:40:24,Unknown,Gerakan mencurigakan
2025-04-29 09:40:33,Unknown,Gerakan mencurigakan
2025-04-29 09:40:33,Unknown,Gerakan mencurigakan
2025-04-29 09:40:41,Unknown,Gerakan mencurigakan
2025-04-29 09:41:00,Unknown,Gerakan mencurigakan
2025-04-29 09:41:00,Unknown,Gerakan mencurigakan
2025-04-29 09:41:01,Unknown,Gerakan mencurigakan
2025-04-29 09:41:02,Unknown,Gerakan mencurigakan
2025-04-29 09:41:02,Unknown,Gerakan mencurigakan
2025-04-29 09:41:03,Unknown,Gerakan mencurigakan
2025-04-29 09:41:03,Unknown,Gerakan mencurigakan
2025-04-29 09:41:03,Unknown,Gerakan mencurigakan
2025-04-29 09:41:03,Unknown,Gerakan mencurigakan
2025-04-29 09:41:04,Unknown,Gerakan mencurigakan
2025-04-29 09:41:04,Unknown,Gerakan mencurigakan
2025-04-29 09:41:04,Unknown,Gerakan mencurigakan
2025-04-29 09:41:05,Unknown,Gerakan mencurigakan
2025-04-29 09:41:05,Unknown,Gerakan mencurigakan
2025-04-29 09:41:05,Unknown,Gerakan mencurigakan
2025-04-29 09:41:13,Unknown,Gerakan mencurigakan
2025-04-29 09:41:14,Unknown,Gerakan mencurigakan
2025-04-29 09:41:16,Unknown,Gerakan mencurigakan
2025-05-06 10:26:03,Unknown,Gerakan mencurigakan
2025-05-06 10:26:04,Unknown,Gerakan mencurigakan
2025-05-06 10:26:04,Unknown,Gerakan mencurigakan
2025-05-06 10:26:04,Unknown,Gerakan mencurigakan
2025-05-06 10:26:04,Unknown,Gerakan mencurigakan
2025-05-06 10:26:19,Unknown,Gerakan mencurigakan
2025-05-06 10:26:19,Unknown,Gerakan mencurigakan
2025-05-06 10:26:19,Unknown,Gerakan mencurigakan
2025-05-06 10:26:20,Saenab,Gerakan mencurigakan
2025-05-06 10:26:24,Unknown,Gerakan mencurigakan
2025-05-06 10:26:27,Unknown,Gerakan mencurigakan
2025-05-06 10:26:27,Unknown,Gerakan mencurigakan
2025-05-06 10:26:35,Unknown,Gerakan mencurigakan
2025-05-06 10:26:36,Unknown,Gerakan mencurigakan
2025-05-06 10:26:36,Unknown,Gerakan mencurigakan
2025-05-06 10:26:36,Unknown,Gerakan mencurigakan
2025-05-06 10:26:36,Unknown,Gerakan mencurigakan
2025-05-06 10:26:37,Saenab,Gerakan mencurigakan
2025-05-06 10:26:37,Unknown,Gerakan mencurigakan
2025-05-06 10:26:37,Unknown,Gerakan mencurigakan
2025-05-06 10:26:37,Unknown,Gerakan mencurigakan
2025-05-06 10:27:12,Unknown,Gerakan mencurigakan
2025-05-06 10:27:12,Unknown,Gerakan mencurigakan
2025-05-06 10:27:12,Unknown,Gerakan mencurigakan
2025-05-06 10:27:13,Unknown,Gerakan mencurigakan
2025-05-06 10:27:17,Unknown,Gerakan mencurigakan
2025-05-06 10:27:17,Unknown,Gerakan mencurigakan
2025-05-06 10:27:18,Unknown,Gerakan mencurigakan
2025-05-06 10:27:18,Unknown,Gerakan mencurigakan
2025-05-06 10:27:18,Unknown,Gerakan mencurigakan
2025-05-06 10:27:18,Unknown,Gerakan mencurigakan
2025-05-06 10:27:19,Saenab,Gerakan mencurigakan
2025-05-06 10:27:19,Unknown,Gerakan mencurigakan
2025-05-06 10:27:19,Unknown,Gerakan mencurigakan
2025-05-06 10:27:19,Unknown,Gerakan mencurigakan
2025-05-06 10:27:20,Unknown,Gerakan mencurigakan
2025-05-06 10:27:20,Unknown,Gerakan mencurigakan
2025-05-06 10:27:21,Unknown,Gerakan mencurigakan
2025-05-06 10:27:21,Saenab,Gerakan mencurigakan
2025-05-06 10:27:21,Unknown,Gerakan mencurigakan
2025-05-06 10:27:22,Unknown,Gerakan mencurigakan
2025-05-06 10:27:37,Unknown,Gerakan mencurigakan
2025-05-06 10:27:38,Unknown,Gerakan mencurigakan
2025-05-06 10:27:38,Unknown,Gerakan mencurigakan
2025-05-06 10:27:38,Unknown,Gerakan mencurigakan
2025-05-06 10:27:38,Unknown,Gerakan mencurigakan
2025-05-06 10:27:38,Unknown,Gerakan mencurigakan
2025-05-06 10:27:39,Unknown,Gerakan mencurigakan
2025-05-06 10:27:39,Unknown,Gerakan mencurigakan
2025-05-06 10:27:39,Unknown,Gerakan mencurigakan
2025-05-06 10:27:39,Unknown,Gerakan mencurigakan
2025-05-06 10:27:39,Unknown,Gerakan mencurigakan
2025-05-06 10:27:39,Unknown,Gerakan mencurigakan
2025-05-06 10:27:40,Unknown,Gerakan mencurigakan
2025-05-06 10:27:40,Unknown,Gerakan mencurigakan
2025-05-06 10:27:40,Unknown,Gerakan mencurigakan
2025-05-06 10:27:40,Unknown,Gerakan mencurigakan
2025-05-06 10:27:40,Unknown,Gerakan mencurigakan
2025-05-06 10:27:41,Unknown,Gerakan mencurigakan
2025-05-06 10:27:41,Unknown,Gerakan mencurigakan
2025-05-06 10:27:41,Unknown,Gerakan mencurigakan
2025-05-06 10:27:41,Unknown,Gerakan mencurigakan
2025-05-06 10:27:42,Unknown,Gerakan mencurigakan
2025-05-06 10:27:42,Unknown,Gerakan mencurigakan
2025-05-06 10:27:42,Unknown,Gerakan mencurigakan
2025-05-06 10:27:43,Unknown,Gerakan mencurigakan
2025-05-06 10:27:43,Unknown,Gerakan mencurigakan
2025-05-06 10:27:45,Unknown,Gerakan mencurigakan
2025-05-06 10:27:46,Unknown,Gerakan mencurigakan
2025-05-06 10:27:46,Unknown,Gerakan mencurigakan
2025-05-06 10:27:46,Unknown,Gerakan mencurigakan
2025-05-06 10:27:46,Unknown,Gerakan mencurigakan
2025-05-06 10:27:46,Unknown,Gerakan mencurigakan
2025-05-06 10:27:46,Unknown,Gerakan mencurigakan
2025-05-06 10:27:47,Unknown,Gerakan mencurigakan
2025-05-06 10:27:47,Unknown,Gerakan mencurigakan
2025-05-06 10:27:47,Unknown,Gerakan mencurigakan
2025-05-06 10:27:47,Unknown,Gerakan mencurigakan
2025-05-06 10:27:47,Unknown,Gerakan mencurigakan
2025-05-06 10:27:47,Unknown,Gerakan mencurigakan
2025-05-06 10:27:48,Unknown,Gerakan mencurigakan
2025-05-06 10:27:48,Unknown,Gerakan mencurigakan
2025-05-06 10:27:48,Unknown,Gerakan mencurigakan
2025-05-06 10:27:48,Unknown,Gerakan mencurigakan
2025-05-06 10:27:48,Unknown,Gerakan mencurigakan
2025-05-06 10:27:49,Unknown,Gerakan mencurigakan
2025-05-06 10:27:49,Unknown,Gerakan mencurigakan
2025-05-06 10:27:49,Unknown,Gerakan mencurigakan
2025-05-06 10:27:49,Unknown,Gerakan mencurigakan
2025-05-06 10:27:57,Unknown,Gerakan mencurigakan
2025-05-06 10:27:57,Unknown,Gerakan mencurigakan
2025-05-06 10:27:57,Unknown,Gerakan mencurigakan
2025-05-06 10:27:57,Unknown,Gerakan mencurigakan
2025-05-06 10:27:58,Unknown,Gerakan mencurigakan
2025-05-06 10:27:58,Unknown,Gerakan mencurigakan
2025-05-06 10:27:58,Unknown,Gerakan mencurigakan
2025-05-06 10:27:58,Unknown,Gerakan mencurigakan
2025-05-06 10:27:58,Unknown,Gerakan mencurigakan
2025-05-06 10:27:58,Unknown,Gerakan mencurigakan
2025-05-06 10:27:59,Unknown,Gerakan mencurigakan
2025-05-06 10:27:59,Unknown,Gerakan mencurigakan
2025-05-06 10:27:59,Unknown,Gerakan mencurigakan
2025-05-06 10:27:59,Unknown,Gerakan mencurigakan
2025-05-06 10:27:59,Unknown,Gerakan mencurigakan
2025-05-06 10:27:59,Unknown,Gerakan mencurigakan
2025-05-06 10:28:00,Unknown,Gerakan mencurigakan
2025-05-06 10:28:00,Unknown,Gerakan mencurigakan
2025-05-06 10:28:00,Unknown,Gerakan mencurigakan
2025-05-06 10:28:00,Unknown,Gerakan mencurigakan
2025-05-06 10:28:00,Unknown,Gerakan mencurigakan
2025-05-06 10:28:00,Unknown,Gerakan mencurigakan
2025-05-06 10:28:01,Unknown,Gerakan mencurigakan
2025-05-06 10:28:09,Unknown,Gerakan mencurigakan
2025-05-06 10:28:39,Unknown,Gerakan mencurigakan
2025-05-06 10:28:39,Unknown,Gerakan mencurigakan
2025-05-06 10:28:40,Unknown,Gerakan mencurigakan
2025-05-06 10:28:40,Unknown,Gerakan mencurigakan
2025-05-06 10:28:40,Saenab,Gerakan mencurigakan
2025-05-06 10:28:43,Unknown,Gerakan mencurigakan
2025-05-06 10:28:43,Unknown,Gerakan mencurigakan
2025-05-06 10:28:43,Unknown,Gerakan mencurigakan
2025-05-06 10:28:43,Unknown,Gerakan mencurigakan
2025-05-06 10:28:44,Unknown,Gerakan mencurigakan
2025-05-06 10:28:46,Unknown,Gerakan mencurigakan
2025-05-06 10:28:47,Unknown,Gerakan mencurigakan
2025-05-06 10:28:49,Unknown,Gerakan mencurigakan
2025-05-06 10:28:49,Unknown,Gerakan mencurigakan
2025-05-06 10:28:49,Unknown,Gerakan mencurigakan
2025-05-06 10:28:50,Unknown,Gerakan mencurigakan
2025-05-06 10:28:50,Unknown,Gerakan mencurigakan
2025-05-06 10:28:50,Unknown,Gerakan mencurigakan
2025-05-06 10:28:51,Unknown,Gerakan mencurigakan
2025-05-06 10:28:51,Unknown,Gerakan mencurigakan
2025-05-06 10:28:52,Unknown,Gerakan mencurigakan
2025-05-06 10:29:09,Unknown,Gerakan mencurigakan
2025-05-06 10:29:09,Unknown,Gerakan mencurigakan
2025-05-06 10:29:10,Unknown,Gerakan mencurigakan
2025-05-06 10:29:10,Unknown,Gerakan mencurigakan
2025-05-06 10:29:10,Unknown,Gerakan mencurigakan
2025-05-06 10:29:14,Unknown,Gerakan mencurigakan
2025-05-06 10:29:15,Unknown,Gerakan mencurigakan
2025-05-06 10:29:15,Unknown,Gerakan mencurigakan
2025-05-06 10:29:15,Unknown,Gerakan mencurigakan
2025-05-06 10:29:15,Unknown,Gerakan mencurigakan
2025-05-06 10:29:15,Unknown,Gerakan mencurigakan
2025-05-06 10:29:16,Unknown,Gerakan mencurigakan
2025-05-06 10:29:17,Unknown,Gerakan mencurigakan
2025-05-06 10:29:17,Unknown,Gerakan mencurigakan
2025-05-06 10:29:23,Unknown,Gerakan mencurigakan
2025-05-06 10:29:23,Unknown,Gerakan mencurigakan
2025-05-06 10:29:24,Unknown,Gerakan mencurigakan
2025-05-06 10:29:32,Unknown,Gerakan mencurigakan
2025-05-06 10:29:45,Unknown,Gerakan mencurigakan
2025-05-06 10:29:45,Unknown,Gerakan mencurigakan
2025-05-06 10:29:59,Unknown,Gerakan mencurigakan
2025-05-06 10:30:01,Unknown,Gerakan mencurigakan
2025-05-06 10:30:02,Unknown,Gerakan mencurigakan
2025-05-06 10:30:03,Unknown,Gerakan mencurigakan
2025-05-06 10:30:03,Unknown,Gerakan mencurigakan
2025-05-06 10:30:03,Unknown,Gerakan mencurigakan
2025-05-06 10:30:04,Unknown,Gerakan mencurigakan
2025-05-06 10:30:05,Unknown,Gerakan mencurigakan
2025-05-06 10:30:05,Unknown,Gerakan mencurigakan
2025-05-06 10:30:06,Dul,Gerakan mencurigakan
2025-05-06 10:30:06,Dul,Gerakan mencurigakan
2025-05-06 10:30:06,Unknown,Gerakan mencurigakan
2025-05-06 10:30:06,Unknown,Gerakan mencurigakan
2025-05-06 10:30:08,Unknown,Gerakan mencurigakan
2025-05-06 10:30:17,Unknown,Gerakan mencurigakan
2025-05-06 10:30:20,Unknown,Gerakan mencurigakan
2025-05-06 10:30:21,Unknown,Gerakan mencurigakan
2025-05-06 10:30:21,Unknown,Gerakan mencurigakan
2025-05-06 10:30:21,Unknown,Gerakan mencurigakan
2025-05-06 10:30:21,Unknown,Gerakan mencurigakan
2025-05-06 10:30:21,Unknown,Gerakan mencurigakan
2025-05-06 10:30:33,Unknown,Gerakan mencurigakan
2025-05-06 10:30:33,Unknown,Gerakan mencurigakan
2025-05-06 10:30:37,Dul,Gerakan mencurigakan
2025-05-06 10:30:49,Unknown,Gerakan mencurigakan
2025-05-06 10:30:49,Unknown,Gerakan mencurigakan
2025-05-06 10:30:50,Unknown,Gerakan mencurigakan
2025-05-06 10:30:58,Unknown,Gerakan mencurigakan
2025-05-06 10:31:02,Unknown,Gerakan mencurigakan
2025-05-06 10:31:04,Unknown,Gerakan mencurigakan
2025-05-06 10:31:18,Unknown,Gerakan mencurigakan
2025-05-06 10:31:18,Unknown,Gerakan mencurigakan
2025-05-06 10:31:18,Unknown,Gerakan mencurigakan
2025-05-06 10:31:19,Unknown,Gerakan mencurigakan
2025-05-06 10:31:19,Unknown,Gerakan mencurigakan
2025-05-06 10:31:20,Unknown,Gerakan mencurigakan
2025-05-06 10:31:20,Unknown,Gerakan mencurigakan
2025-05-06 10:31:21,Unknown,Gerakan mencurigakan
2025-05-06 10:31:21,Unknown,Gerakan mencurigakan
2025-05-06 10:31:22,Unknown,Gerakan mencurigakan
2025-05-06 10:31:23,Unknown,Gerakan mencurigakan
2025-05-06 10:31:23,Unknown,Gerakan mencurigakan
2025-05-06 10:31:23,Unknown,Gerakan mencurigakan
2025-05-06 10:31:24,Unknown,Gerakan mencurigakan
2025-05-06 10:31:24,Unknown,Gerakan mencurigakan
2025-05-06 10:31:24,Unknown,Gerakan mencurigakan
2025-05-06 10:31:25,Unknown,Gerakan mencurigakan
2025-05-06 10:31:25,Unknown,Gerakan mencurigakan
2025-05-06 10:31:25,Unknown,Gerakan mencurigakan
2025-05-06 10:31:25,Unknown,Gerakan mencurigakan
2025-05-06 10:31:26,Unknown,Gerakan mencurigakan
2025-05-06 10:31:27,Unknown,Gerakan mencurigakan
2025-05-06 10:33:21,Unknown,Gerakan mencurigakan
2025-05-06 10:33:21,Unknown,Gerakan mencurigakan
2025-05-06 10:33:21,Unknown,Gerakan mencurigakan
2025-05-06 10:33:21,Unknown,Gerakan mencurigakan
2025-05-06 10:33:21,Unknown,Gerakan mencurigakan
2025-05-06 10:33:22,Unknown,Gerakan mencurigakan
2025-05-06 10:33:22,Unknown,Gerakan mencurigakan
2025-05-06 10:33:22,Unknown,Gerakan mencurigakan
2025-05-06 10:33:51,Unknown,Gerakan mencurigakan
2025-05-06 10:33:51,Unknown,Gerakan mencurigakan
2025-05-06 10:33:54,Unknown,Gerakan mencurigakan
2025-05-06 10:33:54,Unknown,Gerakan mencurigakan
2025-05-06 10:33:54,Unknown,Gerakan mencurigakan
2025-05-06 10:33:54,Unknown,Gerakan mencurigakan
2025-05-06 10:33:55,Unknown,Gerakan mencurigakan
2025-05-06 10:33:56,Unknown,Gerakan mencurigakan
2025-05-06 10:33:56,Unknown,Gerakan mencurigakan
2025-05-06 10:33:58,Unknown,Gerakan mencurigakan
2025-05-06 10:33:58,Unknown,Gerakan mencurigakan
2025-05-06 10:33:58,Unknown,Gerakan mencurigakan
2025-05-06 10:33:59,Unknown,Gerakan mencurigakan
2025-05-06 10:33:59,Unknown,Gerakan mencurigakan
2025-05-06 10:33:59,Unknown,Gerakan mencurigakan
2025-05-06 10:33:59,Unknown,Gerakan mencurigakan
2025-05-06 10:33:59,Unknown,Gerakan mencurigakan
2025-05-06 10:33:59,Unknown,Gerakan mencurigakan
2025-05-06 10:34:00,Unknown,Gerakan mencurigakan
2025-05-06 10:34:00,Unknown,Gerakan mencurigakan
2025-05-06 10:34:00,Unknown,Gerakan mencurigakan
2025-05-06 10:34:01,Unknown,Gerakan mencurigakan
2025-05-06 10:34:01,Unknown,Gerakan mencurigakan
2025-05-06 10:34:01,Unknown,Gerakan mencurigakan
2025-05-06 10:34:02,Unknown,Gerakan mencurigakan
2025-05-06 10:34:03,Unknown,Gerakan mencurigakan
2025-05-06 10:34:04,Unknown,Gerakan mencurigakan
2025-05-06 10:34:04,Unknown,Gerakan mencurigakan
2025-05-06 10:34:04,Unknown,Gerakan mencurigakan
2025-05-06 10:34:04,Unknown,Gerakan mencurigakan
2025-05-06 10:34:04,Unknown,Gerakan mencurigakan
2025-05-06 10:34:04,Unknown,Gerakan mencurigakan
2025-05-06 10:34:04,Unknown,Gerakan mencurigakan
2025-05-06 10:34:05,Unknown,Gerakan mencurigakan
2025-05-06 10:34:05,Unknown,Gerakan mencurigakan
2025-05-06 10:34:05,Unknown,Gerakan mencurigakan
2025-05-06 10:34:07,Unknown,Gerakan mencurigakan
2025-05-06 10:34:07,Unknown,Gerakan mencurigakan
2025-05-06 10:34:08,Unknown,Gerakan mencurigakan
2025-05-06 10:34:10,Unknown,Gerakan mencurigakan
2025-05-06 10:34:10,Unknown,Gerakan mencurigakan
2025-05-06 10:34:11,Unknown,Gerakan mencurigakan
2025-05-06 10:34:14,Unknown,Gerakan mencurigakan
2025-05-06 10:34:14,Unknown,Gerakan mencurigakan
2025-05-06 10:34:14,Unknown,Gerakan mencurigakan
2025-05-06 10:34:14,Unknown,Gerakan mencurigakan
2025-05-06 10:34:15,Unknown,Gerakan mencurigakan
2025-05-06 10:34:15,Unknown,Gerakan mencurigakan
2025-05-06 10:34:15,Unknown,Gerakan mencurigakan
2025-05-06 10:34:15,Unknown,Gerakan mencurigakan
2025-05-06 10:34:19,Unknown,Gerakan mencurigakan
2025-05-06 10:34:39,Unknown,Gerakan mencurigakan
2025-05-06 10:34:53,Unknown,Gerakan mencurigakan
2025-05-06 10:35:43,Unknown,Gerakan mencurigakan
2025-05-06 10:35:44,Unknown,Gerakan mencurigakan
2025-05-06 10:35:44,Unknown,Gerakan mencurigakan
2025-05-06 10:35:50,Unknown,Gerakan mencurigakan
2025-05-06 10:36:05,Unknown,Gerakan mencurigakan
2025-05-06 10:36:05,Unknown,Gerakan mencurigakan
2025-05-06 10:36:05,Unknown,Gerakan mencurigakan
2025-05-06 10:36:06,Unknown,Gerakan mencurigakan
2025-05-06 10:36:06,Unknown,Gerakan mencurigakan
2025-05-06 10:36:06,Unknown,Gerakan mencurigakan
2025-05-06 10:36:06,Unknown,Gerakan mencurigakan
2025-05-06 10:36:07,Unknown,Gerakan mencurigakan
2025-05-06 10:36:07,Unknown,Gerakan mencurigakan
2025-05-06 10:36:09,Unknown,Gerakan mencurigakan
2025-05-06 10:38:07,Unknown,Gerakan mencurigakan
2025-05-06 10:38:08,Unknown,Gerakan mencurigakan
2025-05-06 10:38:09,Unknown,Gerakan mencurigakan
2025-05-06 10:38:09,Unknown,Gerakan mencurigakan
2025-05-06 10:38:10,Unknown,Gerakan mencurigakan
2025-05-06 10:38:11,Unknown,Gerakan mencurigakan
2025-05-06 10:38:11,Unknown,Gerakan mencurigakan
2025-05-06 10:38:12,Unknown,Gerakan mencurigakan
2025-05-06 10:38:12,Unknown,Gerakan mencurigakan
2025-05-06 10:38:14,Unknown,Gerakan mencurigakan
2025-05-06 10:39:58,Unknown,Gerakan mencurigakan
2025-05-06 10:40:31,Unknown,Gerakan mencurigakan
2025-05-06 10:40:32,Unknown,Gerakan mencurigakan
2025-05-06 10:40:36,Carlos,Gerakan mencurigakan
2025-05-06 10:40:37,Unknown,Gerakan mencurigakan
2025-05-06 10:40:37,Unknown,Gerakan mencurigakan
2025-05-06 10:40:38,Unknown,Gerakan mencurigakan
2025-05-06 10:40:43,Unknown,Gerakan mencurigakan
2025-05-06 10:40:54,Unknown,Gerakan mencurigakan
2025-05-06 10:41:06,Unknown,Gerakan mencurigakan
2025-05-06 10:41:18,Unknown,Gerakan mencurigakan
2025-05-06 10:41:20,Unknown,Gerakan mencurigakan
2025-05-06 10:41:27,Unknown,Gerakan mencurigakan
2025-05-06 10:41:30,Unknown,Gerakan mencurigakan
2025-05-06 10:41:32,Unknown,Gerakan mencurigakan
2025-05-06 10:41:33,Unknown,Gerakan mencurigakan
2025-05-06 10:41:34,Unknown,Gerakan mencurigakan
2025-05-06 10:41:34,Unknown,Gerakan mencurigakan
2025-05-06 10:41:38,Unknown,Gerakan mencurigakan
2025-05-06 10:41:45,Unknown,Gerakan mencurigakan
2025-05-06 10:41:46,Unknown,Gerakan mencurigakan
2025-05-06 10:41:57,Unknown,Gerakan mencurigakan
2025-05-06 10:41:58,Unknown,Gerakan mencurigakan
2025-05-06 10:42:03,Unknown,Gerakan mencurigakan
2025-05-06 10:42:22,Unknown,Gerakan mencurigakan
2025-05-17 16:21:40,Unknown,Gerakan mencurigakan
2025-05-17 16:23:16,Saenab,Gerakan mencurigakan
2025-05-17 16:23:31,Unknown,Gerakan mencurigakan
2025-05-17 16:24:16,Unknown,Gerakan mencurigakan
2025-05-17 16:24:17,Saenab,Gerakan mencurigakan
2025-05-17 16:24:17,Unknown,Gerakan mencurigakan
2025-05-17 16:24:17,Unknown,Gerakan mencurigakan
2025-05-17 16:24:18,Unknown,Gerakan mencurigakan
2025-05-17 16:24:37,Saenab,Gerakan mencurigakan
2025-05-17 16:24:43,Unknown,Gerakan mencurigakan
2025-05-17 16:47:43,Saenab,Gerakan mencurigakan
2025-05-17 16:47:43,Saenab,Gerakan mencurigakan
2025-05-17 16:47:46,Saenab,Gerakan mencurigakan
2025-05-17 16:47:56,Saenab,Gerakan mencurigakan
2025-05-17 16:48:16,Carlos,Gerakan mencurigakan
2025-05-17 16:48:27,Carlos,Gerakan mencurigakan
2025-05-17 16:49:45,Unknown,Gerakan mencurigakan
2025-05-17 16:49:55,Unknown,Gerakan mencurigakan
2025-05-17 16:50:18,Unknown,Gerakan mencurigakan
2025-05-17 16:50:23,Saenab,Gerakan mencurigakan
2025-05-17 16:50:24,Saenab,Gerakan mencurigakan
2025-05-17 18:22:33,Unknown,Gerakan mencurigakan
2025-05-17 18:22:35,Unknown,Gerakan mencurigakan
2025-05-17 18:23:35,Unknown,Gerakan mencurigakan
2025-05-17 18:23:39,Unknown,Gerakan mencurigakan
2025-05-17 18:23:40,Unknown,Gerakan mencurigakan
2025-05-17 18:23:44,Unknown,Gerakan mencurigakan
2025-05-17 18:23:46,Unknown,Gerakan mencurigakan
2025-05-17 18:23:47,Unknown,Gerakan mencurigakan
2025-05-17 18:23:47,Unknown,Gerakan mencurigakan
2025-05-17 18:23:48,Unknown,Gerakan mencurigakan
2025-05-17 18:23:48,Unknown,Gerakan mencurigakan
2025-05-17 18:23:51,Unknown,Gerakan mencurigakan
2025-05-17 18:23:52,Unknown,Gerakan mencurigakan
2025-05-17 18:23:55,Unknown,Gerakan mencurigakan
2025-05-17 18:23:55,Unknown,Gerakan mencurigakan
2025-05-17 18:23:57,Unknown,Gerakan mencurigakan
2025-05-17 18:23:57,Unknown,Gerakan mencurigakan
2025-05-17 18:23:58,Unknown,Gerakan mencurigakan
2025-05-17 18:24:00,Unknown,Gerakan mencurigakan
2025-05-17 18:24:01,Unknown,Gerakan mencurigakan
2025-05-17 18:24:02,Unknown,Gerakan mencurigakan
2025-05-17 18:24:02,Unknown,Gerakan mencurigakan
2025-05-17 18:24:04,Unknown,Gerakan mencurigakan
2025-05-17 18:24:08,Unknown,Gerakan mencurigakan
2025-05-17 18:24:09,Unknown,Gerakan mencurigakan
2025-05-17 18:24:09,Unknown,Gerakan mencurigakan
2025-05-17 18:24:10,Unknown,Gerakan mencurigakan
2025-05-17 18:24:10,Unknown,Gerakan mencurigakan
2025-05-17 18:24:12,Unknown,Gerakan mencurigakan
2025-05-17 18:24:12,Unknown,Gerakan mencurigakan
2025-05-17 18:24:17,Unknown,Gerakan mencurigakan
2025-05-17 18:24:18,Unknown,Gerakan mencurigakan
2025-05-17 18:24:19,Unknown,Gerakan mencurigakan
2025-05-17 18:24:39,Unknown,Gerakan mencurigakan
2025-05-17 18:24:52,Unknown,Gerakan mencurigakan
2025-05-17 18:24:55,Unknown,Gerakan mencurigakan
2025-05-17 18:24:58,Unknown,Gerakan mencurigakan
2025-05-17 18:25:00,Unknown,Gerakan mencurigakan
2025-05-17 18:25:04,Unknown,Gerakan mencurigakan
2025-05-17 18:25:12,Unknown,Gerakan mencurigakan
2025-05-17 18:25:14,Unknown,Gerakan mencurigakan
2025-05-17 18:25:15,Unknown,Gerakan mencurigakan
2025-05-17 18:25:16,Unknown,Gerakan mencurigakan
2025-05-17 18:25:17,Unknown,Gerakan mencurigakan
2025-05-17 18:25:18,Unknown,Gerakan mencurigakan
2025-05-17 18:25:40,Unknown,Gerakan mencurigakan
2025-05-17 18:25:49,Unknown,Gerakan mencurigakan
2025-05-17 18:25:50,Unknown,Gerakan mencurigakan
2025-05-17 18:25:50,Unknown,Gerakan mencurigakan
2025-05-17 18:25:52,Saenab,Gerakan mencurigakan
2025-05-17 18:26:44,Unknown,Gerakan mencurigakan
2025-05-17 18:26:50,Unknown,Gerakan mencurigakan
2025-05-17 18:27:52,Saenab,Gerakan mencurigakan
2025-05-17 18:28:20,Unknown,Gerakan mencurigakan
2025-05-17 18:28:21,Unknown,Gerakan mencurigakan
2025-05-17 18:28:22,Unknown,Gerakan mencurigakan
2025-05-17 18:28:22,Unknown,Gerakan mencurigakan
2025-05-17 18:28:29,Unknown,Gerakan mencurigakan
2025-05-17 18:28:30,Unknown,Gerakan mencurigakan
2025-05-17 18:28:56,Unknown,Gerakan mencurigakan
2025-05-17 18:29:03,Unknown,Gerakan mencurigakan
2025-05-17 18:29:39,Carlos,Gerakan mencurigakan
2025-05-17 18:29:39,Carlos,Gerakan mencurigakan
2025-05-17 18:29:51,Carlos,Gerakan mencurigakan
2025-05-17 18:30:18,Unknown,Gerakan mencurigakan
2025-05-17 18:30:21,Unknown,Gerakan mencurigakan
2025-05-17 18:30:30,Unknown,Gerakan mencurigakan
2025-05-17 18:30:32,Unknown,Gerakan mencurigakan
2025-05-17 18:30:43,Unknown,Gerakan mencurigakan
2025-05-17 18:30:54,Carlos,Gerakan mencurigakan
2025-05-17 18:30:55,Carlos,Gerakan mencurigakan
2025-05-17 18:30:57,Unknown,Gerakan mencurigakan
2025-05-17 18:31:16,Carlos,Gerakan mencurigakan
2025-05-17 18:31:17,Carlos,Gerakan mencurigakan
2025-05-17 18:31:19,Unknown,Gerakan mencurigakan
2025-05-17 18:32:03,Saenab,Gerakan mencurigakan
2025-05-17 18:32:07,Unknown,Gerakan mencurigakan
2025-05-17 18:33:06,Unknown,Gerakan mencurigakan
2025-05-17 18:33:08,Saenab,Gerakan mencurigakan
2025-05-17 18:33:32,Saenab,Gerakan mencurigakan
2025-05-17 18:33:42,Saenab,Gerakan mencurigakan
2025-05-17 18:33:47,Saenab,Gerakan mencurigakan
2025-05-17 18:41:10,Unknown,Gerakan mencurigakan
2025-05-17 18:41:12,Saenab,Gerakan mencurigakan
2025-05-17 18:41:12,Saenab,Gerakan mencurigakan
2025-05-17 18:41:12,Saenab,Gerakan mencurigakan
2025-05-17 18:41:13,Saenab,Gerakan mencurigakan
2025-05-17 18:41:14,Saenab,Gerakan mencurigakan
2025-05-17 18:41:17,Saenab,Gerakan mencurigakan
2025-05-17 18:41:20,Unknown,Gerakan mencurigakan
2025-05-17 18:41:20,Unknown,Gerakan mencurigakan
2025-05-17 18:41:20,Unknown,Gerakan mencurigakan
2025-05-17 18:41:22,Saenab,Gerakan mencurigakan
2025-05-17 18:41:22,Saenab,Gerakan mencurigakan
2025-05-17 18:41:23,Saenab,Gerakan mencurigakan
2025-05-17 18:41:24,Saenab,Gerakan mencurigakan
2025-05-17 18:41:25,Saenab,Gerakan mencurigakan
2025-05-17 18:41:27,Unknown,Gerakan mencurigakan
2025-05-17 18:41:30,Saenab,Gerakan mencurigakan
2025-05-17 18:41:30,Saenab,Gerakan mencurigakan
2025-05-17 18:41:37,Saenab,Gerakan mencurigakan
2025-05-17 18:41:51,Unknown,Gerakan mencurigakan
2025-05-17 18:41:52,Unknown,Gerakan mencurigakan
2025-05-17 18:42:15,Saenab,Gerakan mencurigakan
2025-05-17 18:42:15,Saenab,Gerakan mencurigakan
2025-05-17 18:42:18,Saenab,Gerakan mencurigakan
2025-05-17 18:42:22,Saenab,Gerakan mencurigakan
2025-05-17 18:42:28,Saenab,Gerakan mencurigakan
2025-05-17 18:42:28,Saenab,Gerakan mencurigakan
2025-05-17 18:42:30,Saenab,Gerakan mencurigakan
2025-05-17 18:42:34,Saenab,Gerakan mencurigakan
2025-05-17 18:42:37,Saenab,Gerakan mencurigakan
2025-05-17 18:42:37,Saenab,Gerakan mencurigakan
2025-05-17 18:42:40,Saenab,Gerakan mencurigakan
2025-05-17 18:42:41,Saenab,Gerakan mencurigakan
2025-05-17 18:42:44,Saenab,Gerakan mencurigakan
2025-05-17 18:42:44,Saenab,Gerakan mencurigakan
2025-05-17 18:42:46,Saenab,Gerakan mencurigakan
2025-05-17 18:42:55,Saenab,Gerakan mencurigakan
2025-05-17 18:42:55,Saenab,Gerakan mencurigakan
2025-05-17 18:42:57,Saenab,Gerakan mencurigakan
2025-05-17 18:43:00,Saenab,Gerakan mencurigakan
2025-05-17 18:43:01,Saenab,Gerakan mencurigakan
2025-05-17 18:44:33,Unknown,Gerakan mencurigakan
2025-05-17 18:45:49,Saenab,Gerakan mencurigakan
2025-05-17 18:46:56,Saenab,Gerakan mencurigakan
2025-05-17 18:47:17,Unknown,Gerakan mencurigakan
2025-05-17 18:47:22,Unknown,Gerakan mencurigakan
2025-05-17 18:47:25,Unknown,Gerakan mencurigakan
2025-05-17 18:47:25,Unknown,Gerakan mencurigakan
2025-05-17 18:47:28,Unknown,Gerakan mencurigakan
2025-05-17 18:47:28,Unknown,Gerakan mencurigakan
2025-05-17 18:47:30,Unknown,Gerakan mencurigakan
2025-05-17 18:47:31,Unknown,Gerakan mencurigakan
2025-05-17 18:47:33,Unknown,Gerakan mencurigakan
2025-05-17 18:47:40,Unknown,Gerakan mencurigakan
2025-05-17 18:47:42,Unknown,Gerakan mencurigakan
2025-05-17 18:47:47,Unknown,Gerakan mencurigakan
2025-05-17 18:47:55,Unknown,Gerakan mencurigakan
2025-05-17 18:47:59,Unknown,Gerakan mencurigakan
2025-05-17 18:48:01,Unknown,Gerakan mencurigakan
2025-05-17 18:48:04,Unknown,Gerakan mencurigakan
2025-05-17 18:48:26,Unknown,Gerakan mencurigakan
2025-05-17 18:48:39,Unknown,Gerakan mencurigakan
2025-05-17 18:48:55,Unknown,Gerakan mencurigakan
2025-05-17 18:49:38,Unknown,Gerakan mencurigakan
2025-05-17 18:52:42,Saenab,Gerakan mencurigakan
2025-05-17 18:56:52,Unknown,Gerakan mencurigakan
2025-05-17 18:57:05,Saenab,Gerakan mencurigakan
2025-05-17 18:57:06,Saenab,Gerakan mencurigakan
2025-05-17 18:57:10,Unknown,Gerakan mencurigakan
2025-05-17 18:58:10,Unknown,Gerakan mencurigakan
2025-05-17 19:00:29,Unknown,Gerakan mencurigakan
2025-05-17 19:00:30,Unknown,Gerakan mencurigakan
2025-05-17 19:01:26,Unknown,Gerakan mencurigakan
2025-05-17 19:01:28,Unknown,Gerakan mencurigakan
2025-05-17 19:01:28,Unknown,Gerakan mencurigakan
2025-05-17 19:01:32,Unknown,Gerakan mencurigakan
2025-05-17 19:01:33,Unknown,Gerakan mencurigakan
2025-05-17 19:01:34,Unknown,Gerakan mencurigakan
2025-05-17 19:01:35,Unknown,Gerakan mencurigakan
2025-05-17 19:01:38,Unknown,Gerakan mencurigakan
2025-05-17 19:01:41,Unknown,Gerakan mencurigakan
2025-05-17 19:01:42,Unknown,Gerakan mencurigakan
2025-05-17 19:01:42,Unknown,Gerakan mencurigakan
2025-05-17 19:01:44,Unknown,Gerakan mencurigakan
2025-05-17 19:01:47,Unknown,Gerakan mencurigakan
2025-05-17 19:01:47,Unknown,Gerakan mencurigakan
2025-05-17 19:01:58,Unknown,Gerakan mencurigakan
2025-05-17 19:02:07,Unknown,Gerakan mencurigakan
2025-05-17 19:02:09,Unknown,Gerakan mencurigakan
2025-05-17 19:02:12,Unknown,Gerakan mencurigakan
2025-05-17 19:03:14,Unknown,Gerakan mencurigakan
2025-05-17 19:03:16,Unknown,Gerakan mencurigakan
2025-05-17 19:03:30,Unknown,Gerakan mencurigakan
2025-05-17 19:03:31,Unknown,Gerakan mencurigakan
2025-05-17 19:03:40,Unknown,Gerakan mencurigakan
2025-05-17 19:03:43,Unknown,Gerakan mencurigakan
2025-05-17 19:03:51,Unknown,Gerakan mencurigakan
2025-05-17 19:03:53,Unknown,Gerakan mencurigakan
2025-05-17 21:20:00,Unknown,Gerakan mencurigakan
2025-05-17 21:20:01,Saenab,Gerakan mencurigakan
2025-05-17 21:20:42,Unknown,Gerakan mencurigakan
2025-05-17 21:20:49,Saenab,Gerakan mencurigakan
2025-05-17 21:21:07,Saenab,Gerakan mencurigakan
2025-05-17 21:21:10,Saenab,Gerakan mencurigakan
2025-05-17 21:21:13,Unknown,Gerakan mencurigakan
2025-05-17 21:21:59,Saenab,Gerakan mencurigakan
2025-05-17 21:22:27,Unknown,Gerakan mencurigakan
2025-05-17 21:22:30,Unknown,Gerakan mencurigakan
2025-05-17 21:22:32,Saenab,Gerakan mencurigakan
2025-05-17 21:22:34,Saenab,Gerakan mencurigakan
2025-05-17 21:22:58,Saenab,Gerakan mencurigakan
2025-05-17 21:22:59,Unknown,Gerakan mencurigakan
2025-05-17 21:23:00,Unknown,Gerakan mencurigakan
2025-05-17 21:24:17,Saenab,Gerakan mencurigakan
2025-05-17 21:24:18,Saenab,Gerakan mencurigakan
2025-05-17 21:24:20,Saenab,Gerakan mencurigakan
2025-05-17 21:24:31,Unknown,Gerakan mencurigakan
2025-05-17 21:24:32,Unknown,Gerakan mencurigakan
2025-05-17 21:24:33,Unknown,Gerakan mencurigakan
2025-05-17 21:24:35,Unknown,Gerakan mencurigakan
2025-05-17 21:24:40,Unknown,Gerakan mencurigakan
2025-05-17 21:24:40,Unknown,Gerakan mencurigakan
2025-05-17 21:24:41,Unknown,Gerakan mencurigakan
2025-05-17 21:24:43,Unknown,Gerakan mencurigakan
2025-05-17 21:24:47,Unknown,Gerakan mencurigakan
2025-05-17 21:28:22,Unknown,Gerakan mencurigakan
2025-05-17 21:28:24,Unknown,Gerakan mencurigakan
2025-05-17 21:28:25,Saenab,Gerakan mencurigakan
2025-05-17 21:28:30,Unknown,Gerakan mencurigakan
2025-05-17 21:28:30,Unknown,Gerakan mencurigakan
2025-05-17 21:29:04,Unknown,Gerakan mencurigakan
2025-05-17 21:29:04,Unknown,Gerakan mencurigakan
2025-05-17 21:29:29,Saenab,Gerakan mencurigakan
2025-05-17 21:29:33,Saenab,Gerakan mencurigakan
2025-05-17 21:29:52,Unknown,Gerakan mencurigakan
2025-05-17 21:32:42,Saenab,Gerakan mencurigakan
2025-05-17 21:32:45,Saenab,Gerakan mencurigakan
2025-05-17 21:33:13,Saenab,Gerakan mencurigakan
2025-05-17 21:33:19,Saenab,Gerakan mencurigakan
2025-05-17 21:33:23,Saenab,Gerakan mencurigakan
2025-05-17 21:33:53,Unknown,Gerakan mencurigakan
2025-05-17 21:33:54,Unknown,Gerakan mencurigakan
2025-05-17 21:33:55,Saenab,Gerakan mencurigakan
2025-05-17 21:42:53,Unknown,Gerakan mencurigakan (Mengangkat barang/ Memindahkan barang)
2025-05-17 21:43:06,Unknown,Gerakan mencurigakan (Mengangkat barang/ Memindahkan barang)
2025-05-17 21:43:36,Saenab,Gerakan mencurigakan (Memasukkan sesuatu kedalam saku)
2025-05-17 21:43:40,Saenab,Gerakan mencurigakan (Memasukkan sesuatu kedalam saku)
2025-05-17 21:43:41,Unknown,Gerakan mencurigakan (Memasukkan sesuatu kedalam saku)
2025-05-17 21:43:45,Unknown,Gerakan mencurigakan (Memasukkan sesuatu kedalam saku)
2025-05-17 21:43:47,Saenab,Gerakan mencurigakan (Mengangkat barang/ Memindahkan barang)
2025-05-17 21:43:52,Unknown,Gerakan mencurigakan (Mengangkat barang/ Memindahkan barang)
2025-05-17 21:43:56,Saenab,Gerakan mencurigakan (Mengangkat barang/ Memindahkan barang)
2025-05-17 21:43:57,Unknown,Gerakan mencurigakan (Mengangkat barang/ Memindahkan barang)
2025-05-17 21:43:58,Saenab,Gerakan mencurigakan (Memasukkan sesuatu kedalam saku)
2025-05-17 21:47:43,Unknown,Gerakan mencurigakan (Mengangkat barang/ Memindahkan barang)
2025-05-17 22:11:31,Saenab,Gerakan mencurigakan (Mengangkat/Memindahkan barang)
2025-05-17 22:12:33,Unknown,Gerakan mencurigakan (Mengangkat/Memindahkan barang)
2025-05-17 22:12:34,Saenab,Gerakan mencurigakan (Mengangkat/Memindahkan barang)
2025-05-17 22:12:45,Saenab,Gerakan mencurigakan (Mengangkat/Memindahkan barang)
2025-05-17 22:12:45,Unknown,Gerakan mencurigakan (Memasukkan sesuatu kedalam saku)
2025-05-17 22:12:46,Unknown,Gerakan mencurigakan (Mengangkat/Memindahkan barang)
2025-05-17 22:12:46,Unknown,Gerakan mencurigakan (Mengangkat/Memindahkan barang)
2025-05-17 22:12:49,Unknown,Gerakan mencurigakan (Mengangkat/Memindahkan barang)
2025-05-17 22:12:51,Saenab,Gerakan mencurigakan (Mengangkat/Memindahkan barang)
2025-05-17 22:13:21,Unknown,Gerakan mencurigakan (Mengangkat/Memindahkan barang)
2025-05-17 22:13:57,Unknown,Gerakan mencurigakan (Mengangkat/Memindahkan barang)
2025-05-17 22:13:59,Unknown,Gerakan mencurigakan (Mengangkat/Memindahkan barang)
2025-05-17 22:14:00,Saenab,Gerakan mencurigakan (Mengangkat/Memindahkan barang)
2025-05-17 22:14:04,Unknown,Gerakan mencurigakan (Mengangkat/Memindahkan barang)
2025-05-17 22:14:09,Unknown,Gerakan mencurigakan (Mengangkat/Memindahkan barang)
2025-05-17 22:14:11,Unknown,Gerakan mencurigakan (Mengangkat/Memindahkan barang)
2025-05-17 22:14:21,Unknown,Gerakan mencurigakan (Mengangkat/Memindahkan barang)
2025-05-17 22:14:31,Unknown,Gerakan mencurigakan (Mengangkat/Memindahkan barang)
2025-05-17 22:14:31,Unknown,Gerakan mencurigakan (Mengangkat/Memindahkan barang)
2025-05-17 22:14:31,Unknown,Gerakan mencurigakan (Mengangkat/Memindahkan barang)
2025-05-17 22:14:32,Unknown,Gerakan mencurigakan (Mengangkat/Memindahkan barang)
2025-05-17 22:14:32,Unknown,Gerakan mencurigakan (Mengangkat/Memindahkan barang)
2025-05-17 22:14:32,Unknown,Gerakan mencurigakan (Mengangkat/Memindahkan barang)
2025-05-17 22:14:32,Unknown,Gerakan mencurigakan (Mengangkat/Memindahkan barang)
2025-05-17 22:14:33,Unknown,Gerakan mencurigakan (Mengangkat/Memindahkan barang)
2025-05-17 22:14:33,Unknown,Gerakan mencurigakan (Mengangkat/Memindahkan barang)
2025-05-17 22:14:33,Unknown,Gerakan mencurigakan (Mengangkat/Memindahkan barang)
2025-05-17 22:14:33,Unknown,Gerakan mencurigakan (Mengangkat/Memindahkan barang)
2025-05-17 22:14:33,Unknown,Gerakan mencurigakan (Mengangkat/Memindahkan barang)
2025-05-17 22:14:33,Unknown,Gerakan mencurigakan (Mengangkat/Memindahkan barang)
2025-05-17 22:14:34,Unknown,Gerakan mencurigakan (Mengangkat/Memindahkan barang)
2025-05-17 22:14:34,Unknown,Gerakan mencurigakan (Mengangkat/Memindahkan barang)
2025-05-17 22:14:59,Saenab,Gerakan mencurigakan (Memasukkan sesuatu kedalam saku)
2025-05-17 22:15:03,Saenab,Gerakan mencurigakan (Memasukkan sesuatu kedalam saku)
